0	CPR:9	Glycylsarcosine coadministration could inhibit the uptake of @CHEMICAL$ in PEPT2(+/+) mice (p < 0.01) but not @GENE$(-/-) mice.
1	CPRFalse	The influence of sex, ethnicity, and CYP2B6 genotype on @CHEMICAL$ metabolism as an index of hepatic @GENE$ activity in humans.
2	CPRFalse	MATERIALS AND METHODS: Each patient underwent two PET scans with 3-N-[(11)C]methylspiperone (target: frontal 5-HT(2A)), @CHEMICAL$ (striatal @GENE$) or [(11)C]raclopride (striatal D(2)).
3	CPRFalse	@CHEMICAL$ is metabolized to its active metabolite, 9-hydroxyrisperidone, mainly by the cytochrome P450 enzymes @GENE$.
4	CPRFalse	Feeding @CHEMICAL$-deficient RCC cells with @GENE$ or citrate or knocking down PDK-1 and ACLY restored citrate levels and suppressed RC.
5	CPRFalse	As the Janus @CHEMICAL$ kinase 2 (Jak2)/signal transducer and activator of transcription 3 (Stat3) pathway has been shown to be functionally associated with ErbB receptors, we asked if this pathway could mediate @GENE$/Rac1 activation in response to ErbB ligands.
6	CPR:4	In the current study, we reveal the inhibitory effects of @CHEMICAL$ on the metabolism of dextromethorphan (DXM), a dual probe substrate of CYP2D and @GENE$, in rats.
7	CPR:4	On the basis of FIP1L1-PDGFRa fusion gene hypereosinophilic syndrome would be classified as a clonal disease and in the FIP1L1-PDGFRa positive cases the @CHEMICAL$ inhibitor @GENE$ (Glivec) would be effective.
8	CPRFalse	Treatment of HDP cells with a c-Jun NH2-terminal kinase (@CHEMICAL$) inhibitor also reduced @GENE$-induced HO-1 expression, and butein treatment led to increased JNK phosphorylation.
9	CPRFalse	It is concluded that the high affinity aldosterone receptor of rat brain, which had been identified in preliminary studies as a @CHEMICAL$, may bind either corticosterone or @GENE$ in vivo.
10	CPRFalse	In the in vitro assay, kinsenoside (20 and 50mg/mL) markedly inhibited changes in various biochemical substances (nitric oxide (@CHEMICAL$), lactic dehydrogenase (@GENE$), superoxide dismutase (SOD), and catalase (CAT)) in human umbilical vein endothelial cells (HUVECs) damaged by high glucose (35mM) and restored vascular endothelial structure by balancing the matrix metalloproteinases-the tissue inhibitors of matrix metalloproteinases (MMP-TIMP) system.
11	CPR:6	Brain but not spinal NR2B receptor is responsible for the anti-allodynic effect of an @CHEMICAL$ subunit-selective antagonist @GENE$ in a rat chronic constriction injury model.
12	CPRFalse	Also, ursolic acid enhanced the cleavages of @CHEMICAL$ polymerase (PARP) and caspase3, attenuated the expression of astrocyte elevated gene (@GENE$) and survivin in HepG2 cells.
13	CPR:4	Block of human NaV1.5 @CHEMICAL$ by novel @GENE$ analogues of phenytoin.
14	CPR:9	@CHEM-GENE$ are a critical component of electrically excitable cells.
15	CPR:3	In concert with these results, we highlighted that the secretion of pro-inflammatory @CHEMICAL$ and NF-kB activation induced by @GENE$ can be mediated by elevation of [Ca(2+)]i in HAPI microglial cells.
16	CPRFalse	Recent studies of hereditary renal tubular disorders have facilitated the identification and roles of @CHEM-GENE$ in the regulation of the most abundant anion, Cl-, in the ECF.
17	CPR:9	Hydrogen sulphide (H(2)S) is synthesized from @CHEMICAL$ via the action of cystathionine-gamma-lyase (@GENE$) and cystathionine-beta-synthase (CBS).
18	CPR:3	Overall, although most anthocyanidins had no effects on AhR-CYP1A1 signaling, @CHEMICAL$ can bind to and activate the @GENE$ and AhR-dependent gene expression, and pelargonidin and delphinidin inhibit the CYP1A1 catalytic activity.
19	CPR:9	BACKGROUND: Delta(6)-Desaturase (FADS2) is the rate-limiting step in the polyunsaturated fatty acid (PUFA) biosynthetic pathway. OBJECTIVE: The aim was to test whether the common deletion [T/-] in the promoter of @CHEMICAL$ affects the PUFA biosynthetic pathway and consequently modifies the effect of alpha-linolenic acid (@GENE$) on myocardial infarction (MI).
20	CPRFalse	@CHEMICAL$ (PDTC), a specific NF-kB inhibitor, along with 20S proteasome inhibitor (PSI) significantly inhibited LPS-induced iNOS expression, which indirectly suggested that 5HHMF downregulated @GENE$ expression by suppressing NF-kB activity.
21	CPRFalse	PURPOSE: To compare phenelzine (PLZ), an antidepressant drug with anxiolytic properties which inhibits monoamine oxidase (@CHEMICAL$) but also elevates rat brain levels of the amino acids ?-aminobutyric acid (GABA) and alanine (ALA), with vigabatrin (VIG), an anticonvulsant which elevates brain GABA by inhibition of GABA transaminase (@GENE$-T), with regard to their actions on brain levels of GABA and ALA and on activities of MAO, GABA-T and ALA transaminase (ALA-T).
22	CPRFalse	Expression of Cyp1a1 and its related enzyme activity have long been used as a biomarker for @CHEMICAL$ receptor (@GENE$) activation and a warning of dioxin-like toxicity.
23	CPRFalse	Total blood count, blood indices of creatine kinase (CK), gamma-glutamyltranspeptidase (g-GT), superoxide dismutase (SOD), nitric oxide (NO), malondialdehyde (@CHEMICAL$), interleukin (IL)-2, tumor necrosis factors (TNF)a, alpha-fetoprotein (AFP), @GENE$ and carcinoembrionic antigen (CEA) were assayed.
24	CPRFalse	"The animals were divided into thirteen groups (n=4 each) receiving an i.v. bolus injection of, either physiological saline (0.3 ml/kg; control), or the antagonists SB224289 (300 microg/kg; @CHEMICAL$), BRL15572 (300 microg/kg; 5-HT1D), rauwolscine (300 microg/kg; alpha2), SB224289 + BRL15572 (300 microg/kg each), SB224289 + rauwolscine (300 microg/kg each), BRL15572 + rauwolscine (300 microg/kg each), rauwolscine (300 microg/kg) + prazosin (100 microg/kg; alpha1), SB224289 (300 microg/kg) + prazosin (100 microg/kg), SB224289 (300 microg/kg) + rauwolscine (300 microg/kg) + prazosin (100 microg/kg), SB224289 (300 microg/kg) + prazosin (100 microg/kg) + BRL44408 (1,000 microg/kg; alpha2A), @GENE$ (300 microg/kg) + prazosin (100 microg/kg)+ imiloxan (1,000 microg/kg; alpha2B), or SB224289 (300 microg/kg) + prazosin (100 microg/kg) + MK912 (300 microg/kg; alpha2C)."
25	CPRFalse	Excessive level of @CHEMICAL$ is considered as a main cause of breast cancer, therefore, many studies have focused on estrogen receptor (ER)-positive breast cancer, even though ER-negative cancer has a poor prognosis than @GENE$-positive breast cancer.
26	CPR:4	In addition, pretreatment with @CHEMICAL$ (Z-VAD-fmk), a broad spectrum of @GENE$ inhibitor, could not rescue apoptotic cells from ClpP toxicity.
27	CPRFalse	However, the coexpression of @CHEMICAL$, glutamate decarboxylase, and @GENE$ synthetase in PST suggests that L-ornithine can also be metabolized to putrescine, GABA, and L-glutamine.
28	CPRFalse	Overexpression of endogenous @CHEMICAL$ stimulates @GENE$ utilization and lipid production in liver cells with glucose supplementation in vitro.
29	CPRFalse	The efficacy of astemizole, a new, long acting, oral @CHEM-GENE$ antagonist was compared to placebo for the treatment of allergic rhinitis and conjunctivitis during the grass pollen season of 1982.
30	CPRFalse	In the present study, we aimed at examining the effect of @CHEMICAL$, a synthetic small molecular compound also named Fc11a-2, for the treatment of dextran sulfate sodium (DSS)-induced experimental colitis in mice via targeting @GENE$ inflammasome.
31	CPRFalse	Cotreatments of 5, 10 and 20 mg/mL concentrations of MEP with aflatoxin B(1) decreased the frequencies of SCE and the @CHEMICAL$ level and increased amount of @GENE$, glutathione and glutathione peroxidase which were decreased by aflatoxin.
32	CPRFalse	The @CHEMICAL$ mutation increases the @GENE$ affinity of the G719S mutant, explaining the acquired drug resistance of the double mutant.
33	CPRFalse	The treatment of mice with Fe-NTA alone enhances @CHEMICAL$ activity to 4.6 folds, protein carbonyl formation increased up to 2.9 folds and DNA synthesis expressed in terms of @GENE$ incorporation increased to 3.2 folds, and antioxidants and antioxidant enzymes decreased to 1.8-2.5 folds, compared with the corresponding saline-treated controls.
34	CPR:4	BACKGROUND: Rivastigmine is a @CHEMICAL$ drug designed to inhibit both @GENE$ and butyrylcholinesterase by reversibly covalently bonding to these enzymes.
35	CPRFalse	Pharmacogenetic analysis of two genes, the warfarin metabolic enzyme CYP2C9 and warfarin target enzyme, vitamin K epoxide reductase complex 1 @CHEMICAL$, confirmed their influence on @GENE$ maintenance dose.
36	CPR:3	Exposure of cells to 4mM @CHEMICAL$ for 24h induced @GENE$ activation, ultrastructural alterations, and resulted in the translocation of Bax to the mitochondria and the release of cytochrome c from the mitochondrial inter-membrane space into the cytosol, indicating that fluoride-mediated apoptosis is mitochondria-dependent.
37	CPRFalse	Synthesis and in vitro pharmacology at AMPA and kainate preferring glutamate receptors of 4-heteroarylmethylidene glutamate analogues. 2-Amino-3-[3-hydroxy-5-(2-thiazolyl)-4-isoxazolyl]propionic acid (1) is a potent AMPA receptor agonist with moderate affinity for native @CHEM-GENE$, whereas (S)-E-4-(2,2-dimethylpropylidene)glutamic acid (3) show high affinity for the GluR5 subtype of KA receptors and much lower affinity for the GluR2 subtype of AMPA receptors.
38	CPRFalse	A study has been made of the influence of two pools of caseinophosphopeptides (CPPs) obtained from a(s)- and b-casein (CN) fractions, and of three specific CPPs (b-CN(1-25)4P, a(s1)-CN(64-74)4P and a(s2)-CN(1-19)4P), on iron bioavailability (@CHEMICAL$ synthesis) and zinc bioavailability (retention, transport and uptake of zinc) in Caco-2 cells. a-CPP and b-CPP pools did not improve ferritin synthesis, but the three specific CPPs showed an increase in ferritin synthesis in Caco-2 cells versus @GENE$, b-CN(1-25)4P being the most effective.
39	CPRFalse	The P2Y1 receptor is responsible for ADP-induced shape change and weak and transient aggregation, while the P2Y12 receptor is responsible for the completion and amplification of the response to ADP and to all platelet agonists, including thromboxane A2 (@CHEMICAL$), thrombin, and @GENE$.
40	CPR:3	@CHEMICAL$ and IFNT stimulated endometrial @GENE$ expression and activity, increased endometrial PTGS2 activity and the amount of PG in the uterine lumen, and up-regulated many conceptus elongation-related genes in the endometrium.
41	CPRFalse	"Pharmacokinetic Interactions between @CHEMICAL$ Oxidase A Inhibitor Harmaline and 5-Methoxy-N,N-Dimethyltryptamine, and the Impact of @GENE$ Status. 5-Methoxy-N,N-dimethyltryptamine (5-MeO-DMT or street name ""5-MEO"") is a newer designer drug belonging to a group of naturally occurring indolealkylamines."
42	CPR:3	The treatment with @CHEMICAL$ exhibited a significant increase in some serum hepatic and renal biochemical parameters (@GENE$, aspartate aminotransferase, alkaline phosphatase, total protein, albumin, bilirubin, cholesterol, urea and creatinine).
43	CPR:4	@CHEMICAL$, an inhibitor of @GENE$ (DAT and NET, respectively), is a standard treatment for ADHD.
44	CPRFalse	"Blockade of PDE1 (8-methoxymethyl-3-isobutyl-1-methylxanthine, 100 microM), PDE2 [erythro-9-(2-hydroxy-3-nonyl)adenine, 30 microM], PDE3 (milrinone, 10 microM; cGMP, 10 microM), PDE4 (Ro 20-1724 [4-(3-butoxy-4-methoxybenzyl)imidazolidin-2-one], 100 microM), PDE5 and PDE6 (zaprinast, 30 microM), and PDE7 [BRL-50481 (@CHEMICAL$), 10 microM] did not alter renal ecto-@GENE$ activity."
45	CPRFalse	@CHEMICAL$ INHIBITION AFFECTS SODIUM IODIDE SYMPORTER (NIS) EXPRESSION AND INDUCES @GENE$ CYTOTOXICITY IN ANAPLASTIC THYROID CANCER CELLS.
46	CPRFalse	Only FFAs that increased ceramides caused impairment of @CHEMICAL$ and PTP1B phosphorylation at @GENE$ 50.
47	CPRFalse	Knockdown of @CHEMICAL$, NOX5-S, a variant lacking @GENE$-binding domains, by NOX5 siRNA significantly inhibited acid-induced increase in mPGES1 expression, thymidine incorporation, and PGE2 production.
48	CPRFalse	Cotreatments of 5, 10 and 20 mg/mL concentrations of MEP with aflatoxin B(1) decreased the frequencies of SCE and the malondialdehyde level and increased amount of @CHEMICAL$ dismutase, glutathione and @GENE$ which were decreased by aflatoxin.
49	CPR:4	Upon co-exposure to V(5+) and TCDD, V(5+) significantly potentiated the TCDD-mediated induction of the Cyp1a1, Cyp1a2, and Cyp1b1 mRNA, protein, and catalytic activity levels at 24 h. In vitro, @CHEMICAL$ decreased the TCDD-mediated induction of @GENE$ mRNA, protein, and catalytic activity levels.
50	CPRFalse	By examining the relative effects of corticosterone (@CHEMICAL$), arginine vasotocin (AVT, the avian homologue to arginine vasopressin) and corticotrophin-releasing factor (@GENE$), the present study aimed to define the hormone profile regulating stress-induced increases in AA in the POM.
51	CPRFalse	The objective of the current study was to determine whether a low-dose subchronic @CHEMICAL$ treatment (100 mg/kg for 8 consecutive days) exerts long-term effects on apoptosis in the adult rat prefrontal cortex (PFC) by examining the expression of cell death-promoting molecules (poly (ADP-ribose) polymerase (PARP), p53, procaspase 3, cleaved caspase 3, Bax) and cell-survival molecules (@GENE$, Bcl-2).
52	CPRFalse	Results demonstrate that @CHEMICAL$ down-regulation potentiates @GENE$ toxicity in both control and DAT-transfected cell as well as potentiates DA toxicity.
53	CPRFalse	We isolated partial cDNAs that codified for enzymes implicated in the anthocyanin biosynthesis such as @CHEMICAL$ (PAL) and chalcone synthase (CHS), and an antioxidant enzyme such as @GENE$ peroxidase (APX).
54	CPRFalse	A broad-spectrum phosphodiesterase (@CHEMICAL$) inhibitor (1,3-isobutyl-1-methylxanthine, 300 microM, n=6) and an ecto-phosphodiesterase inhibitor (1,3-dipropyl-8-p-sulfophenylxanthine, 1 mM, n=6) significantly attenuated @GENE$-induced AMP secretion by 60 and 74%, respectively.
55	CPRFalse	Here, we describe mutations within the neuronal glycine transporter 2 gene (GLYT2, or @CHEMICAL$, ) of hyperekplexia patients, whose symptoms cannot be attributed to @GENE$ receptor mutations.
56	CPRFalse	The effects of amphetamine (@CHEMICAL$) and cocaine (COC), for example, depend on the ability to increase dopamine in the synapse, by effects on either the plasma membrane transporter DAT or the vesicular transporter for monoamine storage, @GENE$.
57	CPR:3	Thus, in 158N cells, the ability of @CHEMICAL$ to trigger a mode of cell death by apoptosis involving @GENE$ and caspase-3 activation is independent of the increase in the Ca(2+) level and of their accumulation in lipid raft microdomains.
58	CPRFalse	The hyperglycemic effect of m-CPBG central administration was blocked by pretreatment with ondansetron, a specific 5-HT3 receptor antagonist, indicating that the effects here obtained with @CHEMICAL$ were a result of its interaction with @GENE$ receptors.
59	CPR:3	Moreover, @CHEMICAL$-induced increases in CysLT(1)R and NF-kB @GENE$ in the brain were also attenuated by pranlukast.
60	CPRFalse	Furthermore, a combinatory mutation (Pro(7.31)-Pro(7.32)-@CHEMICAL$(7.33) motif to Ser-Glu-Pro in EL3 and Leu(7.38), Leu(7.43), Ala(7.46), and Pro(7.47) to those of rat GnRHR) in gmGnRH-2 exhibited an approximately 500-fold increased sensitivity to GnRH-I, indicating that these residues are critical for discriminating @GENE$ from GnRH-I. [Trp(7)]GnRH-I and [Trp(8)]GnRH-I but not [His(5)]GnRH-I exhibit a higher potency in activating wild-type gmGnRHR-2 than native GnRH-I, indicating that amino acids at positions 7 and 8 of GnRHs are more important than position 5 for differential recognition by type I and type II GnRHRs.
61	CPRFalse	Aspirin (ASA) and other non-steroidal anti-inflammatory drugs, which are cyclooxygenase (COX) inhibitors, precipitate asthmatic attacks in @CHEMICAL$-intolerant patients, while sodium salicylate, hardly active on @GENE$ by itself, is well tolerated by these patients.
62	CPR:3	The @CHEMICAL$ treatment also partially improved the @GENE$ sensitivity and blood pressure, as well as the serum triglyceride concentration, in the fructose-fed rats.
63	CPRFalse	Moreover, the rank order for potency in inhibiting acetylcholinesterase (ambenonium>neostigmine=physostigmine =tacrine>pyridostigmine=edrophonium=galanthamine >desoxypeganine>parathion>gramine) indicated that the most effective inhibitors of @CHEMICAL$ also displaced @GENE$ to the greatest extent.
64	CPR:3	Methylation-specific PCR and bisulfite sequencing identified methylation of this CpG (@CHEMICAL$) island of the glut3 gene, frequency of methylation increasing 2.5-fold with a 1.6-fold increase in @GENE$ concentrations noted with advancing postnatal age (PN14 vs PN3). 5'-flanking region of glut3-luciferase reporter transient transfection in HT22 hippocampal neurons demonstrated that (m)CpGs inhibit glut3 transcription.
65	CPRFalse	Despite this, HS chains bound to @CHEMICAL$ are eluted by ethylenediamine tetraacetic acid (@GENE$), but only at high concentrations.
66	CPR:4	The enzyme inhibition assay results indicated that compounds moderately inhibit both acetylcholinesterase and butyrylcholinesterase. b-Amyloid aggregation results showed that all compounds exhibited remarkable @CHEMICAL$ fibril aggregation inhibition activity with a nearly similar potential as the reference compound @GENE$, which makes them promising anti-Alzheimer drug candidates.
67	CPRFalse	Porcine intestinal mucosal (mast cell-derived) heparin (PIM-heparin) shows similar properties, with no binding to @CHEMICAL$, @GENE$-dependent binding of a subfraction to L-selectin and to P-selectin, and calcium-independent binding of a larger fraction to P-selectin, the latter being disrupted by high EDTA concentrations.
68	CPRFalse	In kidneys, stimulation of adenylyl cyclase causes egress of @CHEMICAL$, conversion of cAMP to AMP by ecto-@GENE$, and metabolism of AMP to adenosine by ecto-5'-nucleotidase.
69	CPRFalse	"Insulin was measured (ELISA; Luminex) to estimate homeostasis model assessment of insulin resistance (HOMA-IR), b-cell function (HOMA-B), insulin sensitivity (Matsuda index), insulin secretion (AUC(insulin/@CHEMICAL$)), and b-cell compensation (@GENE$ secretion sensitivity index-2)."
70	CPRFalse	"Inhibitors of PDE4 (@CHEMICAL$; 0.1-10 microM) and @GENE$ (cilostazol; 0.1-10 microM) delayed spontaneous eosinophil apoptosis maximally by 25% and 15%, respectively."
71	CPRFalse	PCR demonstrated a correlation between dCK expression and @CHEMICAL$ sensitivity, whereas expression of TS, @GENE$, and GARFT was predictive of pemetrexed chemosensitivity.
72	CPR:5	Antiarrhythmic effects of @CHEMICAL$, a novel @GENE$ agonist in cultured neonatal rat ventricular myocytes. (-)-Epicatechin-3-gallate (ECG), a polyphenol extracted from green tea, has been proposed as an effective compound for improving cardiac contractility.
73	CPR:4	Objective: This study explores the ability of @CHEMICAL$ to act as substrates or inhibitors of @GENE$ (hCES1) and 2 (hCES2). Methods: The stability of six acyl glucuronides in the presence of hCES1, hCES2, and buffer alone (100 mM potassium phosphate, pH 7.4, 37*C) were investigated.
74	CPR:9	Carnitine acetyltransferases (@CHEMICAL$) catalyze the reversible conversion of @GENE$ and carnitine to acetylcarnitine and free CoA. To redesign the specificity of rat CrAT toward its substrates, we mutated Met564.
75	CPR:9	@CHEMICAL$ catalyzes the two-electron reduction of menadione via the oxidation of @GENE$ or N-ribosylated nicotinamides.
76	CPR:4	@CHEMICAL$ decreased myosin light chain kinase (@GENE$) protein contents and MLCK mRNA expression in IJS, and inhibited both phosphorylation and Mg(2+)-ATPase activity of purified myosin, implicating that the decrease of MLCK contents and inhibition of MLCK activity are involved in the genistin-induced inhibitory effects.
77	CPR:4	@CHEMICAL$ (BAY 43-9006, Nexavar), a dual-action inhibitor that targets RAF/MEK/@GENE$ pathway in tumor cells and tyrosine kinases VEGFR/PDGFR in tumor vasculature. Activating mutations in Ras and B-RAF were identified in several human cancers.
78	CPR:4	Existing ion channel blockers, such as @CHEMICAL$, dronedarone, bepridil, aprindine, and cibenzoline, have been found to have an @GENE$ inhibitory action.
79	CPR:9	In kidneys, stimulation of adenylyl cyclase causes egress of cAMP, conversion of cAMP to AMP by ecto-phosphodiesterase, and metabolism of AMP to @CHEMICAL$ by @GENE$.
80	CPR:3	Subsequent analysis revealed that @CHEMICAL$ strongly activates RhoA and the Rho effector Rho kinase (@GENE$) in breast cancer cells and induces the formation of stress fibers.
81	CPR:4	Existing @CHEMICAL$ blockers, such as amiodarone, dronedarone, bepridil, aprindine, and @GENE$, have been found to have an NCX inhibitory action.
82	CPR:5	Prazosin (nonselective @CHEMICAL$ antagonist), silodosin (selective alpha(1A)-adrenoceptor antagonist) and BMY-7378 (8-[2-[4-(2-methoxyphenyl)-1-piperazinyl]ethyl]-8-azaspiro[4.5]decane-7,9-dione dihydrochloride) (selective alpha(1D)-adrenoceptor antagonist) competitively antagonized the @GENE$-induced contraction (pA(2) values, 8.60+/-0.07, 9.44+/-0.06 and 5.75+/-0.07, respectively).
83	CPR:3	Differences in magnitude of Na(+)-dependent @CHEMICAL$ uptake through ASCT2 between WKY and SHR PTE cells correlated positively with differences in @GENE$ protein expression, this being more abundant in WKY PTE cells.
84	CPR:4	@CHEMICAL$ (Signifor(r)) is a new subcutaneous somatostatin analogue that acts via somatostatin receptors to inhibit the secretion of @GENE$ from the pituitary adenoma in patients with Cushing's disease.
85	CPR:9	They all expressed ASS, but not @CHEMICAL$ (OTC), the enzyme that converts @GENE$, the product of degradation of arginine with rhArg, to citrulline, which is converted back to arginine via ASS.
86	CPR:4	"Based on these suggestions, the rational redesign of @CHEMICAL$ 24 (clog P=7.41; @GENE$ IC(50) =43 nM; HCT-116 IC(50) =400 nM) led to the identification of quinazoline 67 (clog P=5.28; Aurora A IC(50) =25 nM; HCT-116 IC(50) =23 nM)."
87	CPR:3	Altogether, our findings support a model in which Top2b deficiency promotes @CHEMICAL$-induced apoptosis in quiescent non-S-phase cells, possibly due to RNAP LS depletion and @GENE$ accumulation.
88	CPR:9	Although @CHEMICAL$ (GSTO1) and arsenic methyltransferase have been shown or thought to catalyze @GENE$ reduction, their role in DMAs(V) reduction in vivo, or in cell extracts is uncertain.
89	CPR:9	To identify important covariates associated with interindividual variation in CYP2B6 activity in vivo, we evaluated these effects in healthy volunteers using bupropion (@CHEMICAL$ GlaxoSmithKline, Research Triangle Park, NC) as a @GENE$ probe substrate.
90	CPR:4	Kinetic mechanism of @CHEMICAL$ and its inhibition by the antimalarial @GENE$.
91	CPR:3	"Ca(2+) transients stimulated by either tolbutamide or gliclazide were inhibited by thapsigargin or nicardipine and were significantly potentiated by 8-pCPT-2'-O-Me-cAMP-AM at 5 mM but not 1 mM. Both tolbutamide and gliclazide stimulated phospholipase C activity; however, only gliclazide did so independently of its activity at K(ATP) channels, and this activity was partially inhibited by pertussis toxin. 8-pCPT-2'-O-Me-cAMP-AM alone (5 mM) did not stimulate insulin secretion, but did increase intracellular Ca(2+) concentration significantly, and this activity was inhibited by 25 mM 2-aminoethoxydiphenylborate (2-APB) or the removal of extracellular Ca(2+). 8-pCPT-2'-O-Me-cAMP-AM potentiation of @CHEMICAL$ secretion stimulated by tolbutamide was markedly inhibited by 2-APB (25 mM) and enhanced by the PKC inhibitor @GENE$ (1 mM)."
92	CPR:4	Different mechanisms of acquired resistance to fluorinated pyrimidines in human colorectal cancer cells. 5-Fluorouracil (5-FU), @CHEMICAL$ (FdUrd) and 5-trifluorothymidine (F3(d)Thd) are antimetabolites which are metabolized to their corresponding active forms which inhibit DNA synthesis via inhibition of thymidylate synthase (@GENE$).
93	CPR:3	Type I deiodinase, liver fatty-acid binding protein and cytochrome P450 (CYP) 3A37 mRNA levels were significantly induced by TCPP, while @CHEMICAL$ induced @GENE$ and CYP2H1.
94	CPR:4	Thus, the @CHEMICAL$-induced reduction in canonical Wnt signaling is associated with a decrease in activators (Rspo2 and Rspo3) rather than an increase in inhibitors (Dkk1 and @GENE$) of the pathway.
95	CPR:3	Thus, in 158N cells, the ability of @CHEMICAL$ to trigger a mode of cell death by apoptosis involving GSK-3 and @GENE$ activation is independent of the increase in the Ca(2+) level and of their accumulation in lipid raft microdomains.
96	CPR:9	We have also examined the HFC glucuronidation activity of liver microsomes from human, pig, rabbit and rat. 4.  At a substrate concentration of 20 mM, the most active @CHEMICAL$ glucuronidation catalysts were @GENE$ followed by UGT1A6 >UGT1A7 >UGT2A1, whereas at 300 mM UGT1A6 was about 10 times better catalyst than the other recombinant UGTs.
97	CPR:3	Furthermore, compared with control groups, the plaque endothelium level of @CHEMICAL$ was 3-fold increased and the liver level of p75(NTR) was 17.4-fold increased by @GENE$-HD.
98	CPR:4	Disposition and Metabolism of GSK2251052 in Humans: A Novel Boron-Containing Antibiotic. (S)-3-(Aminomethyl)-7-(3-hydroxypropoxy)-1-hydroxy-1,3-dihydro-2,1-benzoxaborole (@CHEMICAL$) is a novel boron-containing antibiotic that inhibits @GENE$, and that has been in development for the treatment of serious Gram-negative infections.
99	CPR:9	"@CHEMICAL$ (FDX1; adrenodoxin) is an iron-sulfur protein that is involved in various metabolic processes, including @GENE$ synthesis in mammalian tissues."
100	CPR:9	Mutation of arginine 228 to lysine enhances the glucosyltransferase activity of bovine beta-1,4-galactosyltransferase I. Beta-1,4-galactosyltransferase I (@CHEMICAL$) normally transfers Gal from @GENE$ to GlcNAc in the presence of Mn(2+) ion (Gal-T activity) and also transfers Glc from UDP-Glc to GlcNAc (Glc-T activity), albeit at only 0.3% efficiency.
101	CPR:5	"Binding of the agonist angiotensin II (AngII) and inverse agonist @CHEMICAL$ in wild-type @GENE$ changed the accessibility of reporter cysteines, and the pattern was consistent with ligand-specific ""lid"" conformations of ECL2."
102	CPR:9	Introduction: @CHEMICAL$ (5-LO) is a crucial enzyme of the @GENE$ (AA) cascade and catalyzes the formation of bioactive leukotrienes (LTs) with the help of FLAP, the 5-LO-activating protein.
103	CPR:4	@CHEMICAL$ was also found to attenuate the activation of proteins involved in focal adhesion kinase (FAK)/c-Src/extracellular signal-regulated kinase (ERK) signaling, and phosphoinositide 3-kinase (PI3K)/@GENE$/ glycogen synthase kinase 3b (GSK-3b) signaling pathway.
104	CPR:5	Injections of @CHEMICAL$, a selective @GENE$ receptor agonist, induced a significant increase in blood glucose in non-stressed rats in both fasted and in fed states.
105	CPR:4	Beta-glucogallin (@CHEMICAL$), a recently described @GENE$ inhibitor, was purified from extracts of the Indian gooseberry (Emblica officinalis).
106	CPR:3	Interestingly, the @CHEMICAL$ dependent up-regulation of @GENE$ mRNA is positively correlated with the incidences of clastogenic changes in rainbow trout erythrocytes.
107	CPR:3	We also found that @CHEMICAL$ receptors are activated by @GENE$, ZnSO(4), and FeSO(4), three salts known to produce a metallic taste sensation.
108	CPR:5	The results suggested that both the EtOAc extract and berberine were able to activate PPARa/b/g, and Rhizoma Coptis contains potential natural agonists of @CHEMICAL$ besides @GENE$.
109	CPR:4	In addition, @CHEMICAL$ induced degradation of DNA methyltransferases (DNMT-1, DNMT-3a, and @GENE$), as well as the methyl CpG-binding proteins (MeCP-2, MBD-2 and MBD-3), in MEF cells by the proteasomal pathway.
110	CPR:3	We also found that @CHEMICAL$ receptors are activated by CuSO(4), ZnSO(4), and @GENE$, three salts known to produce a metallic taste sensation.
111	CPR:4	Assays examining the ability of TFP to block S100A4-mediated disassembly of myosin-IIA filaments demonstrate that significant inhibition of @CHEMICAL$ function occurs only at @GENE$ concentrations that promote S100A4 oligomerization.
112	CPR:3	Conversely, AMPK inhibitor compound C or GSK3b inhibitor SB216763 blocked the cleavages of @CHEMICAL$ and caspase 3 induced by @GENE$ in HepG2 cells.
113	CPR:9	In the present study, we have evaluated possible participation of monocarboxylate transporters (@CHEMICAL$) responsible for the bidirectional membrane transport of @GENE$ in the cytoprotective property in osteoblasts.
114	CPR:4	However, salicylate moiety appears to interfere with @CHEMICAL$ inhibitory action on platelets and vascular @GENE$.
115	CPR:4	PURPOSE: To compare @CHEMICAL$ (PLZ), an antidepressant drug with anxiolytic properties which inhibits monoamine oxidase (@GENE$) but also elevates rat brain levels of the amino acids ?-aminobutyric acid (GABA) and alanine (ALA), with vigabatrin (VIG), an anticonvulsant which elevates brain GABA by inhibition of GABA transaminase (GABA-T), with regard to their actions on brain levels of GABA and ALA and on activities of MAO, GABA-T and ALA transaminase (ALA-T).
116	CPR:4	The aim of this study was to evaluate the influence of hepatic impairment on the pharmacokinetics (PK) of the novel @CHEMICAL$ (COX-2) selective inhibitor @GENE$ (Prexige), so that dose recommendations for clinical use can be provided.
117	CPR:4	Lineweaver-Burk plots demonstrated that @CHEMICAL$ inhibited the activities of CYP2D and @GENE$ in a non-competitive manner in rat liver microsomes (RLMs).
118	CPR:9	@CHEMICAL$ is responsible for pyruvate conversion to @GENE$ through glycolysis.
119	CPR:9	Pharmacogenetic analysis of two genes, the @CHEMICAL$ metabolic enzyme @GENE$ and warfarin target enzyme, vitamin K epoxide reductase complex 1 VKORC1, confirmed their influence on warfarin maintenance dose.
120	CPR:9	In functional transport assays, we found that one of the identified molecules, ATM7, increased the reuptake of serotonin, possibly by facilitating the interaction of serotonin with transport-ready conformations of @CHEMICAL$ when concentrations of @GENE$ were low and rate limiting.
121	CPR:6	Epinastine (0.1-100 microM) produced a concentration-dependent inhibition of the noncholinergic contraction, with a maximum inhibition of 91 +/- 7% at 100 microM. Pretreatment of the tissues with combined 5-HT1/@CHEMICAL$ antagonists, methysergide (1 microM) or @GENE$ (0.1 microM), significantly attenuated the inhibitory effect of epinastine on the noncholinergic contraction.
122	CPR:5	The esterified-BM, however, had only partial transactivation agonistic activity in cells transfected with @CHEMICAL$, whereas BM and esterified-@GENE$ had full transactivation agonistic activity.
123	CPR:4	Furthermore, the @CHEMICAL$ channel blockers carbenoxolone and @GENE$ were less effective in inhibiting Panx1 currents when Kvbeta3 was co-expressed.
124	CPR:3	Activation of endogenous somatostatin receptor subtype 2 (@CHEMICAL$) by @GENE$ or activation of transiently transfected rat D2 dopamine receptors (rD2(long)) by quinpirole had no effect.
125	CPR:4	@CHEMICAL$ treatment showed a significant decline in the levels of blood glucose, glycosylated hemoglobin (HbA1c), NF-kB p65 unit (in pancreas) and @GENE$ (plasma), serum nitric oxide (NO) with an elevation in plasma insulin.
126	CPR:4	Different mechanisms of acquired resistance to fluorinated pyrimidines in human colorectal cancer cells. 5-Fluorouracil (@CHEMICAL$), 5-fluoro-2'-deoxyuridine (FdUrd) and 5-trifluorothymidine (F3(d)Thd) are antimetabolites which are metabolized to their corresponding active forms which inhibit DNA synthesis via inhibition of thymidylate synthase (@GENE$).
127	CPR:4	Effects of some mono- and bisquaternary ammonium compounds on the reactivatability of soman-inhibited human acetylcholinesterase in vitro. Acetylcholinesterase (@CHEMICAL$) inhibited by the organophosphate soman (@GENE$) rapidly becomes resistant to reactivation by oximes due to dealkylation of the soman-enzyme complex.
128	CPR:4	The aim of this study was to determine the mechanism of @CHEMICAL$-induced interleukin-5 (@GENE$) inhibition in allergic inflammation.
129	CPR:5	RGM-1 cells were treated with @CHEMICAL$ or GW4064, an @GENE$ agonist, in the presence or absence of guggulsterone, an FXR antagonist.
130	CPR:9	The activity of CYP3A in excised liver samples from rats following multiple baicalin treatment was significantly decreased compared to that of the control group (P<0.05), whereas multiple doses of baicalin had no obvious effect on the activity of CYP2D. Taken together, these data demonstrate that baicalin inhibits the metabolism of @CHEMICAL$ in a concentration-dependent manner in rats, possibly through inhibiting hepatic @GENE$ and CYP3A activities.
131	CPR:9	These five CGPs also inhibited @CHEMICAL$ uptake by @GENE$.
132	CPR:4	@CHEMICAL$, the first of the @GENE$ inhibitors to undergo extensive trials for this purpose, was associated with significant adverse effects including hepatotoxicity.
133	CPR:4	Transfection of the brain cDNA into COS-1 cells resulted in transporter activity that was blocked by the @CHEMICAL$ inhibitor @GENE$ and a proton ionophore, but not by tetrabenazine, which has a high affinity for VMAT-2.
134	CPR:9	Leukotriene A(4) hydrolase (@CHEMICAL$) is a cystolic enzyme that stereospecifically catalyzes the transformation of @GENE$ to LTB(4).
135	CPR:4	Therefore, the objective of the present study was to investigate the effects of @CHEMICAL$ inhibitors p-bromophenacyl bromide (BPB) and @GENE$ (AACOCF3) on interleukin-2 (IL-2) expression in murine primary splenocytes.
136	CPR:3	Effects of some mono- and bisquaternary ammonium compounds on the reactivatability of soman-inhibited human acetylcholinesterase in vitro. Acetylcholinesterase (@CHEMICAL$) inhibited by the organophosphate soman (1,2,2-trimethyl-propylmethylphosphonofluoridate) rapidly becomes resistant to reactivation by @GENE$ due to dealkylation of the soman-enzyme complex.
137	CPR:4	Additionally, the expression of hepatic fibrosis-related factors such as a-smooth muscle actin and transforming growth factor-b1 (@CHEMICAL$), were reduced in rats treated with @GENE$.
138	CPR:9	In addition, cells pre-treated with DL-propargylglycine (PAG, 3 mM), a CSE inhibitor, reduced the formation of H(2)S in caerulein treated cells, suggesting that @CHEMICAL$ may be the main enzyme involved in @GENE$ formation in mouse acinar cells.
139	CPR:6	The concomitant application of subconvulsive dose of pentetrazole (55.0 mg/kg) with low dose of @CHEMICAL$ (5.0 mg/kg) - a @GENE$ antagonist, immediately induced BDZ withdrawal signs in these animals.
140	CPR:4	"The results showed that (1) 15mg/kg body weight PhIP induced obvious histopathological changes in gastric mucosa; (2) @CHEMICAL$ (10 and/or 15mg/kg) significantly decreased @GENE$ (SOD) and glutathioneperoxidase (GPx) activities, while increased catalase (CAT) activity compared with the control."
141	CPR:9	@CHEMICAL$ (H(2)S) is synthesized from L-cysteine via the action of cystathionine-gamma-lyase (CSE) and cystathionine-beta-synthase (@GENE$).
142	CPR:3	In addition to @CHEMICAL$, @GENE$ co-treatment potentiated an increase in CYP2A7 and CYP2C9 mRNAs but not CYP3A4 or UDP-glucuronosyltransferase 1A1 mRNAs.
143	CPR:9	Next to @CHEMICAL$, the predominant protein influencing @GENE$ metabolism is PPARa and g whose expressions were also positively modulated.
144	CPR:9	@CHEMICAL$ is responsible for @GENE$ conversion to lactate through glycolysis.
145	CPR:6	Pretreatment with @CHEMICAL$ (1 microM), a @GENE$ antagonist, ketanserin (10 microM), a 5-HT2 antagonist, thioperamide (10 microM), a histamine H3 antagonist, or phentolamine (10 microM), an alpha-adrenergic antagonist, however, had no effect.
146	CPR:4	DHODH inhibition occurs at lower concentrations of @CHEMICAL$ than that of @GENE$ and is currently considered the major mode of action.
147	CPR:9	In breast cancer, intratumoural @CHEMICAL$ is the source for local @GENE$ production in the tissue.
148	CPR:3	There was also an increase in @CHEMICAL$, Trio, Rho-A, Rac-3, EGFR, Notch-4, Dvl-2, Ezrin, beta catenin and mutant p53 protein expression in the @GENE$-treated cells.
149	CPR:9	Firstly, transgenic plants overexpressing @CHEMICAL$ (FDH, EC 1.2.1.2) were used to continue our previous studies on the function of FDH in @GENE$ metabolism.
150	CPR:4	The new compounds 2-4 were also active against this cell line, with ED50 values ranging from 0.46 to 4.7 mM. The cytotoxic compounds were evaluated against a normal colon cell line, CCD-112CoN. In addition, the new compound @CHEMICAL$ (2), three known rocaglate derivatives (9, 11, 12), and a known sesquiterpene, 2-oxaisodauc-5-en-12-al (17), showed significant NF-kB (@GENE$) inhibitory activity in an ELISA assay.
151	CPR:6	Epinastine (0.1-100 microM) produced a concentration-dependent inhibition of the noncholinergic contraction, with a maximum inhibition of 91 +/- 7% at 100 microM. Pretreatment of the tissues with combined @CHEMICAL$/5-HT2 antagonists, @GENE$ (1 microM) or methiothepin (0.1 microM), significantly attenuated the inhibitory effect of epinastine on the noncholinergic contraction.
152	CPR:4	@CHEMICAL$ up-regulated the expression of Bax, down-regulated the expression of @GENE$, and significantly increased the ratio of Bax/Bcl-2.
153	CPR:4	However, @CHEMICAL$ at low concentrations causes slow inhibition of @GENE$ kainate receptor-mediated synaptic currents in the basolateral amygdala, indicating that it may protect against seizures, at least in part, through suppression of GluR5 kainate receptor responses.
154	CPR:4	Genistin decreased myosin light chain kinase (MLCK) protein contents and MLCK mRNA expression in IJS, and inhibited both phosphorylation and Mg(2+)-ATPase activity of purified myosin, implicating that the decrease of MLCK contents and inhibition of @CHEMICAL$ activity are involved in the @GENE$-induced inhibitory effects.
155	CPR:3	Our results showed that @CHEMICAL$ decreased phosphorylation-ERK1/2 (p-ERK1/2), and increased @GENE$, but did not affect expressions of p-JNK1/2 in U937 cells.
156	CPR:4	Treatment with @CHEMICAL$ is associated with a reversal of abnormal regulation of HIF-1alpha and @GENE$ in the failing ventricular myocardium.
157	CPR:3	Treatment of HDP cells with a c-Jun NH2-terminal kinase (JNK) inhibitor also reduced @CHEMICAL$-induced @GENE$ expression, and butein treatment led to increased JNK phosphorylation.
158	CPR:4	A series of phenolic acids and @CHEMICAL$ natural products, such as p-hydroxybenzoic acid, p-coumaric acid, caffeic acid, ferulic acid, gallic acid, syringic acid, quercetin, and ellagic acid, were investigated for their inhibitory effects against the metalloenzyme @GENE$ (CA, EC 4.2.1.1).
159	CPR:3	@CHEMICAL$ activates carbonic anhydrase and antagonizes the effect of the specific @GENE$ inhibitor acetazolamide, by a direct mechanism of action.
160	CPR:9	@CHEMICAL$ are involved in the transport of the @GENE$ conjugates of the ultimate carcinogen of benzo[a]pyrene in human Caco-2 cells.
161	CPR:4	The acetylcholinesterase (AChE) and @CHEMICAL$ (BuChE) inhibitory activities of a series of @GENE$ (2, 3), [1,8]naphthyridines (5, 6), 4-amino-2,3-diaryl-5,6,7,8-tetrahydrofuro[2,3-b]quinolines (11-13)/ 4-amino-6,7,8,9-tetrahydro-2,3-diphenyl-5H-cyclohepta[e]furo[2,3-b]pyridine (14), 4-amino-5,6,7,8-tetrahydro-2,3-diphenylthieno[2,3-b]quinoline (15)/ 4-amino-6,7,8,9-tetrahydro-2,3-diphenyl-5H-cyclohepta[e]thieno[2,3-b]pyridine (16) are described.
162	CPR:4	The structure-activity relationship of a series of @CHEMICAL$ @GENE$ inhibitors is described.
163	CPR:9	Objective: This study explores the ability of acyl glucuronides to act as substrates or inhibitors of human carboxylesterases 1 (hCES1) and 2 (hCES2). Methods: The stability of six @CHEMICAL$ in the presence of hCES1, @GENE$, and buffer alone (100 mM potassium phosphate, pH 7.4, 37*C) were investigated.
164	CPR:3	@CHEMICAL$ activates @GENE$.
165	CPR:9	The @CHEMICAL$ (NCX) is a bidirectional transporter that normally extrudes Ca(2+) from the cell (forward mode), but also brings @GENE$ into the cell (reverse mode) under special conditions such as intracellular Na(+) (Na(+)(i)) accumulation or membrane depolarization.
166	CPR:9	Mutations in the follicle-stimulating hormone-beta (FSH beta) and FSH receptor genes in mice and humans. @CHEMICAL$ (FSH), a dimeric glycoprotein synthesized in the anterior pituitary gland, is important for the production of sex @GENE$ and gametes.
167	CPR:6	EP(1) and @CHEMICAL$ antagonists ONO-8713 and @GENE$, but not the EP(4) antagonists ONO-AE3-208 and AH 23848, inhibited tumor cell proliferation, indicating the significance of EP(1) and EP(3) but not EP(4) for MB growth.
168	CPR:3	@CHEMICAL$ also down-regulated the expression of STAT3 target genes, including the anti-apoptotic proteins Bcl-xL and Mcl-1, leading to the up-regulation of mitochondrial apoptosis pathway-related proteins (Bax, Bak, cytosolic @GENE$, and cleaved Caspase3) and cyclin-dependent kinase inhibitors such as p21 and p27.
169	CPR:3	Phosphorylation of @CHEMICAL$ at Thr172 increased by 1.4-fold within 5 min, and remained elevated throughout a 30-min time course, in response to @GENE$.
170	CPR:4	In Alexander cells, only when they were transfected with FXR+RXR, @CHEMICAL$ caused up-regulation of SHP and OSTb, and a down-regulation of @GENE$.
171	CPR:4	Interestingly, a Val-349 to Ile mutant was inhibited with equal potency to @CHEMICAL$ with 2,6-dichloro-, @GENE$-, or 2-chloro-6-methyl-substituted inhibitors and, in the case of lumiracoxib, actually showed an increase in potency.
172	CPR:9	Then the cells were treated with various concentrations of apoE3, lactoferrin and bovine serum albumin with or without 100 microg/ml of GMC, and the @CHEMICAL$-dependent methyl alpha-D-glucopyranoside (@GENE$) uptake and levels of SGLT1 expression were determined.
173	CPR:4	A series of phenolic acids and phenol natural products, such as p-hydroxybenzoic acid, p-coumaric acid, caffeic acid, ferulic acid, gallic acid, syringic acid, quercetin, and @CHEMICAL$, were investigated for their inhibitory effects against the metalloenzyme carbonic anhydrase (@GENE$, EC 4.2.1.1).
174	CPR:4	We find that @CHEMICAL$ inhibits mitochondrial permeability-transition-mediated @GENE$ release.
175	CPR:9	Unlike mouse RetSat (mRetSat), zRetSat A had an altered bond specificity saturating either the 13-14 or 7-8 double bonds of all-trans-retinol to produce either all-trans-13,14-dihydroretinol or all-trans-7,8-dihydroretinol, respectively. @CHEMICAL$ also saturated the 13-14 or 7-8 double bonds of all-trans-3,4-didehydroretinol (@GENE$), a second endogenous form of vitamin A in zebrafish.
176	CPR:3	@CHEMICAL$, a typical @GENE$ activator, induced the gene expression of CAR-target genes, including cyp2b9 and cyp2b10, an accumulation of nuclear CAR and an increase in the PB-responsive enhancer module-mediated transactivation in the mouse liver.
177	CPR:9	Given these findings, a unified PK model including the inhibition of MAO-A- and @CHEMICAL$-catalyzed @GENE$ metabolism by harmaline was developed to describe blood harmaline, 5-MeO-DMT, and bufotenine PK profiles in both wild-type and Tg-CYP2D6 mouse models.
178	CPR:3	Taken together, our study for the first time suggests that @CHEMICAL$ is able to enhance apoptosis of U937 cells, at least in part, through activation of @GENE$ and downregulation of p-ERK1/2.
179	CPR:3	@CHEMICAL$, liver fatty-acid binding protein and cytochrome P450 (CYP) 3A37 mRNA levels were significantly induced by @GENE$, while TDCPP induced CYP3A37 and CYP2H1.
180	CPR:9	The enzyme @CHEMICAL$ (DDAH) specifically hydrolyzes these asymmetrically methylated @GENE$ residues to citrulline and methylamines.
181	CPR:3	Our data demonstrate that the actions of both tolbutamide and gliclazide are strongly potentiated by 8-pCPT-2'-O-Me-cAMP-AM, that @CHEMICAL$ can stimulate @GENE$ activity via a partially pertussis toxin-sensitive mechanism, and that 8-pCPT-2'-O-Me-cAMP-AM potentiation of tolbutamide action may involve activation of a 2-APB-sensitive Ca(2+) influx.
182	CPR:6	@CHEMICAL$ is an uncompetitive (channel blocking) @GENE$ antagonist.
183	CPR:6	@CHEMICAL$ and bromoacetylalprenololmenthane are competitive slowly reversible antagonists at the @GENE$ of rat left atria.
184	CPR:5	Effect of @CHEMICAL$ (TAK-375), a selective @GENE$ agonist, on motor performance in mice.
185	CPR:9	@CHEMICAL$, the transporter for the essential amino acids, arginine and @GENE$, is one of the up-regulated genes.
186	CPR:6	In membranes from HEK293 cells transfected with @CHEMICAL$, etomidate inhibited binding of the alpha2-antagonist, @GENE$, with higher potency from alpha2B- and alpha2C-receptors than from alpha2A-receptors (Ki alpha2A 208 microm, alpha2B 26 microm, alpha2C 56 microm).
187	CPR:9	We confirm the correlation between higher @CHEMICAL$ levels and higher @GENE$-drug uptake in tumor cells sensitive to the drug.
188	CPR:9	Flecainide block of Na(+) current (I(Na)) was investigated in wild-type (WT) or the @CHEM-GENE$ subunit mutation with three amino acids deleted (DeltaKPQ) stably transfected into human embryonic kidney 293 cells using whole-cell, patch-clamp recordings.
189	CPR:3	Firstly, in the normal human renal epithelial HK-2 cells, the measurement of the expression of 30 previously reported NRF2 target genes in response to @CHEMICAL$ inducers (sulforaphane, @GENE$, cinnamic aldehyde, and hydrogen peroxide) showed that the aldo-keto reductase (AKR) 1C1 is highly inducible by all treatments.
190	CPR:3	Activation of endogenous somatostatin receptor subtype 2 (sst2) by somatostatin-14 or activation of transiently transfected @CHEMICAL$ (rD2(long)) by @GENE$ had no effect.
191	CPR:6	@CHEMICAL$: a novel @GENE$ antagonist for the treatment of cardiovascular disease.
192	CPR:6	Both 5'-AMN and @CHEMICAL$ had high affinity for k-receptors (K (i) 1.36 + 0.98 and 0.27 + 0.08, respectively) and were revealed as potent k-antagonists (pA(2) 7.43 and 8.18, respectively) and @GENE$ antagonists (pA(2) 7.62 and 7.85, respectively) in the ileum.
193	CPR:9	@CHEM-GENE$ are a critical component of electrically excitable cells.
194	CPR:9	Choline dehydrogenase (CHDH) and @CHEMICAL$ (BHMT) are 2 enzymes involved in @GENE$ oxidation.
195	CPR:6	Pharmacological properties of lorglumide as a member of a new class of cholecystokinin antagonists. Derivatives of @CHEMICAL$ are a new class of non-peptide cholecystokinin (@GENE$) antagonists.
196	CPR:9	@CHEMICAL$ (SSAT) is a key enzyme in the control of polyamine levels in human cells, as acetylation of @GENE$ and spermine triggers export or degradation.
197	CPR:9	On the basis of our findings with structurally similar arylhydroxylamine metabolites of therapeutic drugs, we hypothesized that the reductive detoxification of @CHEMICAL$ carcinogens was catalyzed by NADH cytochrome b5 reductase (b5R) and cytochrome b5 (@GENE$).
198	CPR:9	"ZD1839 (""Iressa""), a @CHEM-GENE$ inhibitor selective for the EGFR, has shown good activity in preclinical studies and in the early phase of clinical trials."
199	CPR:9	@CHEMICAL$ (AKRs) metabolize a wide range of substrates, including @GENE$ (PAHs), generating metabolites (o-quinones) and reactive oxygen species (ROS), which are capable of initiating and promoting carcinogenesis.
200	CPR:3	@CHEMICAL$ expression was increased by @GENE$ but not by losartan.
201	CPR:9	These findings, derived from a variety of analytical and functional approaches, provide evidence for a novel nongenomic signaling mechanism for androgen action in the microvasculature: TES-stimulated vasodilation mediated primarily by peroxynitrite formed from @CHEMICAL$-generated superoxide and @GENE$.
202	CPR:3	Similarly, pelargonidin induced the expression of CYP1A1 mRNA up to 5-fold in HepG2 and LS174T cells relative to the induction by 5 nM 2,3,7,8-tetrachlorodibenzodioxin (TCDD), the most potent activator of AhR. CYP1A1 and @CHEMICAL$ mRNAs were also increased by pelargonidin in three primary human hepatocytes cultures (approximately 5% of @GENE$ potency) and the increase in CYP1A1 protein in HepG2 and LS174T cells was comparable to the increase in catalytic activity of CYP1A1 enzyme.
203	CPR:6	In the present study, we compared the pharmacology of @CHEMICAL$, WAY-100635 (a @GENE$ antagonist), GR127935 (a 5-HT(1B/1D) antagonist), and isamoltane (a 5-HT(1B) antagonist), when given acutely in combination with fluoxetine, using in vivo microdialysis in the frontal cortex of the freely moving rat.
204	CPR:3	Subsequent analysis revealed that @CHEMICAL$ strongly activates @GENE$ and the Rho effector Rho kinase (ROCK) in breast cancer cells and induces the formation of stress fibers.
205	CPR:3	Administration of a single dose of DEX-P showed a temporal increase in @CHEMICAL$ activity in both tissues and the induction ratios reached maximum values at 12 h after @GENE$ administration.
206	CPR:3	Expression of L-type pyruvate kinase (@CHEMICAL$) is upregulated in the liver by dietary @GENE$.
207	CPR:9	Tumor-growth-promoting @CHEMICAL$ @GENE$ pathway provides medulloblastoma therapeutic targets.
208	CPR:3	Moreover, @CHEMICAL$ alleviated Sim2 expression, and reversely raised @GENE$ expression in neurons treated with hyperglycaemia.
209	CPR:3	Galanin attenuates cyclic AMP regulatory element-binding protein (@CHEMICAL$) phosphorylation induced by chronic @GENE$ and naloxone challenge in Cath.a cells and primary striatal cultures.
210	CPR:9	We isolated partial cDNAs that codified for enzymes implicated in the @CHEMICAL$ biosynthesis such as l-phenylalanine ammonia-lyase (@GENE$) and chalcone synthase (CHS), and an antioxidant enzyme such as ascorbate peroxidase (APX).
211	CPR:9	BACKGROUND AND AIMS: Glutamic acid decarboxylase (GAD, @CHEMICAL$) catalyses the conversion of glutamate to gamma-aminobutyric acid (@GENE$).
212	CPR:6	The 5-HT(1/2/5/7)-receptor antagonist methysergide and the 5-HT(2A/2B/2C)-receptor antagonist LY 53857 enhanced clomipramine-induced hyperglycemia, while the 5-HT(1A/1B)-receptor antagonist (-)-propranolol and the @CHEMICAL$ antagonist @GENE$ did not affect it.
213	CPR:3	Further, 5HHMF increased specific DNA-binding activity of @CHEMICAL$, and transient knockdown with Nrf2 siRNA subsequently reversed @GENE$-induced NO inhibition, which was followed by suppression of HO-1 activity.
214	CPR:6	Combination treatment with the selective @CHEMICAL$ antagonist @GENE$ produced a dose-dependent augmentation of venlafaxine-induced (3-30 mg/kg s.c) extracellular 5-HT concentrations, but had no further effect on NA above that produced by venlafaxine alone.
215	CPR:3	Moreover, BH(4) treatment of the fructose-fed rats markedly reduced the lipid peroxide content of both aortic and cardiac tissues and inhibited the activation of 2 redox-sensitive transcription factors, nuclear factor-kappaB and @CHEMICAL$, which were increased in @GENE$-fed rats.
216	CPR:3	In addition, @CHEMICAL$ induces the DNA-binding activities of the transcription factor NF-kB, HSF1, AP-1, and ATF-2, together with the expression of @GENE$ and Bax proteins.
217	CPR:9	Specificity of @CHEMICAL$: formation of all-trans-13,14-dihydroretinol and @GENE$.
218	CPR:3	RESULTS: @CHEMICAL$ induced histophatological damages and elevated the level of cardiac marker @GENE$.
219	CPR:9	@CHEMICAL$ (COX-2)-derived @GENE$ (PGE2) has been shown to be important in esophageal tumorigenesis.
220	CPR:3	In this study, aldosterone (@CHEMICAL$)-induced apoptosis of cardiomyocyte was evaluated based on the previous studies, and the roles of @GENE$ signaling were clarified.
221	CPR:3	Treatment with @CHEMICAL$ resulted in nuclear condensation (a morphological change due to apoptosis of NSCs) 24hr after the treatment and activated @GENE$ after 6 hr, indicating that diclofenac may cause apoptosis of neuronal cells via activation of the caspase cascade.
222	CPR:3	RESULTS: Fractionated bulb extracts and the two isolated @CHEMICAL$ (1) and (2) induced NO production and @GENE$ mRNA expression in fibroblast cell culture.
223	CPR:6	Betaxolol inhibited specific [(3)H]-batrachotoxinin-A 20-alpha-benzoate ([(3)H]-BTX-B) binding to neurotoxin site 2 in a concentration-dependent manner with an IC(50) value of 9.8 microM. Comparison of all the @CHEMICAL$ antagonists tested revealed a potency order of propranolol>betaxolol approximately levobetaxolol>levobunolol approximately carteolol>/=@GENE$>atenolol.
224	CPR:5	Adenosine and @CHEMICAL$ (CPA, @GENE$ agonist) constricted MVs but not MAs.
225	CPR:6	BACKGROUND: @CHEMICAL$, a cysteinyl leukotriene receptor 1 (@GENE$) antagonist, inhibits not only airway smooth muscle contraction, but also allergic inflammation.
226	CPR:6	Both the 5 alpha-reductase inhibitor finasteride and @CHEMICAL$ antagonists (e.g. alfuzosin, doxazosin, prazosin, tamsulosin and @GENE$) have been recommended as appropriate treatment options for patients with lower urinary tract symptoms (LUTS) associated with benign prostatic obstruction (BPO), and their efficacy has been proven in several placebo-controlled trials.
227	CPR:6	The ARB @CHEMICAL$ is a nonbiphenyl nontetrazole angiotensin II type 1 receptor (@GENE$) antagonist, which acts to decrease total peripheral resistance.
228	CPR:6	Inhibition of binding of the alpha2-receptor antagonist @CHEMICAL$ to recombinant @GENE$ by etomidate was tested in human embryonic kidney (HEK293) cells in vitro.
229	CPR:6	The memory-improving effect of minaprine on cycloheximide-induced amnesia was potentiated by a selective @CHEMICAL$ antagonist, @GENE$.
230	CPR:6	Compared pharmacological characteristics in humans of racemic cetirizine and @CHEMICAL$, two @GENE$ antagonists.
231	CPR:6	In the rabbit pulmonary artery, rilmenidine and oxymetazoline are potent full agonists, whereas in the human atrial appendages they are antagonists at the @CHEMICAL$, sharing this property with rauwolscine, @GENE$, and idazoxan.
232	CPR:6	@CHEMICAL$, a @GENE$ antagonist, inhibits interleukin-5 production via a mechanism distinct from leukotriene receptor antagonism.
233	CPR:6	The putative @CHEMICAL$ antagonist @GENE$, but not the alpha 1B-adrenoceptor antagonist chloroethylclonidine (10 microM) antagonized noradrenaline-induced contractions of SMA.
234	CPR:5	These results indicate that the positive inotropic effect, mediated via (+/-)-tamsulosin- and @CHEMICAL$-sensitive subtype of @GENE$, is exerted by a subcellular mechanism that is independent of the accumulation of inositol phosphates.
235	CPR:6	The most potent compound, D,L-4-(3,4-dichlorobenzoylamino)-5-(dipentylamino)-5-oxo-pen tanoic acid (lorglumide, @CHEMICAL$), has a great affinity for the pancreatic CCK receptors and is a competitive, specific and potent @GENE$ antagonist on the smooth muscles of the gall bladder and ileum of the guinea pig and on the CCK-induced amylase secretion of isolated pancreatic acini.
236	CPR:6	In the present study, we compared the pharmacology of (+/-)pindolol, @CHEMICAL$ (a @GENE$ antagonist), GR127935 (a 5-HT(1B/1D) antagonist), and isamoltane (a 5-HT(1B) antagonist), when given acutely in combination with fluoxetine, using in vivo microdialysis in the frontal cortex of the freely moving rat.
237	CPR:6	The putative alpha 1L-adrenoceptor antagonist JTH-601, but not the @CHEMICAL$ antagonist @GENE$ (10 microM) antagonized noradrenaline-induced contractions of SMA.
238	CPR:6	"The animals were divided into thirteen groups (n=4 each) receiving an i.v. bolus injection of, either physiological saline (0.3 ml/kg; control), or the antagonists SB224289 (300 microg/kg; 5-HT1B), @CHEMICAL$ (300 microg/kg; @GENE$), rauwolscine (300 microg/kg; alpha2), SB224289 + BRL15572 (300 microg/kg each), SB224289 + rauwolscine (300 microg/kg each), BRL15572 + rauwolscine (300 microg/kg each), rauwolscine (300 microg/kg) + prazosin (100 microg/kg; alpha1), SB224289 (300 microg/kg) + prazosin (100 microg/kg), SB224289 (300 microg/kg) + rauwolscine (300 microg/kg) + prazosin (100 microg/kg), SB224289 (300 microg/kg) + prazosin (100 microg/kg) + BRL44408 (1,000 microg/kg; alpha2A), SB224289 (300 microg/kg) + prazosin (100 microg/kg)+ imiloxan (1,000 microg/kg; alpha2B), or SB224289 (300 microg/kg) + prazosin (100 microg/kg) + MK912 (300 microg/kg; alpha2C)."
239	CPR:6	RS 17053 showed high affinity and selectivity for alpha 1A adrenoceptors (pKi 8.6) relative to alpha 1B (pKi = 7.3) and alpha 1D (pKi = 7.1) subtypes. 3. (+)-Tamsulosin, (-)-tamsulosin, @CHEMICAL$, Rec 15/2739, SNAP 1069 and RS 17053 appeared to act as competitive antagonists of noradrenaline-mediated contractions of rat aorta yielding pA2 affinity estimates which were similar to binding affinities at cloned @GENE$.
240	CPR:5	"Unlike the sedative hypnotics that target GABA(A) receptor complexes, @CHEMICAL$ is a chronohypnotic that acts on the melatonin MT(1) and @GENE$ receptors, which are primarily located in the suprachiasmatic nucleus, the body's ""master clock."" As such, ramelteon possesses the first new therapeutic mechanism of action for a prescription insomnia medication in over three decades."
241	CPR:6	Prazosin (nonselective alpha(1)-adrenoceptor antagonist), @CHEMICAL$ (selective @GENE$ antagonist) and BMY-7378 (8-[2-[4-(2-methoxyphenyl)-1-piperazinyl]ethyl]-8-azaspiro[4.5]decane-7,9-dione dihydrochloride) (selective alpha(1D)-adrenoceptor antagonist) competitively antagonized the phenylephrine-induced contraction (pA(2) values, 8.60+/-0.07, 9.44+/-0.06 and 5.75+/-0.07, respectively).
242	CPR:5	@CHEMICAL$ was claimed from human mGlu receptors expressed in non-neuronal cells to be a selective orthosteric @GENE$ agonist and mGlu3 antagonist.
243	CPR:5	Differentiating the roles of mGlu2 and mGlu3 receptors using @CHEMICAL$, an @GENE$ agonist/mGlu3 antagonist.
244	CPR:6	In further studies, the diuretic effects of the CB1 agonist AM4054 were similar in male and female rats, displayed a relatively rapid onset to action, and were dose-dependently antagonized by 30 minutes pretreatment with rimonabant, but not by the vanilloid receptor type I antagonist capsazepine, nor were the effects of WIN 55,212 antagonized by the @CHEMICAL$ antagonist AM630 [@GENE$].
245	CPR:5	@CHEMICAL$ and N(6)-cyclopentyl-adenosine (CPA, @GENE$ agonist) constricted MVs but not MAs.
246	CPR:6	@CHEMICAL$ and astemizole are chemically unrelated to @GENE$ antagonists such as diphenhydramine and chlorpheniramine.
247	CPR:6	It is concluded that labetalol and @CHEMICAL$ are @GENE$ selective antagonists.
248	CPR:6	"The effects of D-1997 in the basilar artery were not modified by incubation with either the @CHEMICAL$ antagonist @GENE$ (0.01-1 microM), the 5-HT3 and 5-HT4 receptor antagonist ICS205930 (tropisetron; 0.1-10 microM), the 5-HT1A receptor antagonist spiroxatrine (0.01-1 microM), the beta-adrenoceptor blocker with high affinity for 5-HT1A and 5-HT1B binding sites (+/-)-pindolol (0.01-1 microM), or the alpha 1-adrenoceptor antagonist prazosin (0.01-1 microM)."
249	CPR:6	A novel class of @CHEMICAL$ has been discovered as antagonists of the IgG:@GENE$ protein-protein interaction through optimization of a hit derived from a virtual ligand-based screen.
250	CPR:6	"The effects of D-1997 in the basilar artery were not modified by incubation with either the 5-HT2 receptor antagonist ketanserin (0.01-1 microM), the 5-HT3 and 5-HT4 receptor antagonist ICS205930 (tropisetron; 0.1-10 microM), the @CHEMICAL$ receptor antagonist @GENE$ (0.01-1 microM), the beta-adrenoceptor blocker with high affinity for 5-HT1A and 5-HT1B binding sites (+/-)-pindolol (0.01-1 microM), or the alpha 1-adrenoceptor antagonist prazosin (0.01-1 microM)."
251	CPR:6	Doses of dimethocaine (1.7 mg/kg) and cocaine (0.3 mg/kg) which produced full (> 80%) substitution for cocaine were administered in combination with the @CHEMICAL$ antagonist SCH 39166 (@GENE$) and the dopamine D2 receptor antagonist raclopride (both at 0.003-0.03 mg/kg).
252	CPR:6	In further studies, the diuretic effects of the @CHEMICAL$ agonist AM4054 were similar in male and female rats, displayed a relatively rapid onset to action, and were dose-dependently antagonized by 30 minutes pretreatment with @GENE$, but not by the vanilloid receptor type I antagonist capsazepine, nor were the effects of WIN 55,212 antagonized by the CB2 antagonist AM630 [(6-iodo-2-methyl-1-[2-(4-morpholinyl)ethyl]-1H-indol-3-yl](4-methoxyphenyl) methanone)].
253	CPR:6	However, recent clinical studies have shown that a single low-dose injection of @CHEMICAL$, an N-methyl d-aspartate receptor (@GENE$) antagonist, has rapid antidepressant effects that are observed within hours and are long lasting.
254	CPR:5	While there is considerable indirect evidence to implicate @CHEMICAL$ in the pathogenesis of asthma, a critical evaluation of @GENE$ antagonism in this condition has, until recently, proved difficult, as many of the early H1-receptor antagonists possessed additional actions, such as anti-cholinergic, local anaesthetic, alpha-adrenoceptor antagonistic and anti-serotonin activity.
255	CPR:6	Synthesis and in Vitro Characterisation of @CHEMICAL$-Based Fluorescein Conjugates as GluN1/@GENE$ N-Methyl-D-aspartate Receptor Antagonists.
256	CPR:6	The efficacy of @CHEMICAL$, a new, long acting, oral @GENE$ antagonist was compared to placebo for the treatment of allergic rhinitis and conjunctivitis during the grass pollen season of 1982.
257	CPR:5	@CHEMICAL$, locally synthesized, is an endogenous agonist at @GENE$, a noncatecholamine ligand at alpha 2-adrenergic receptors and may act as a neurotransmitter.
258	CPR:5	Previous studies demonstrated that the @CHEMICAL$-selective orthosteric agonist, @GENE$ produced anxiolytic- but not antidepressant-like effects upon peripheral administration.
259	CPR:5	Although generally highly specific for angiotensin II type 1 receptors, some ARBs, particularly @CHEMICAL$, are partial agonists at @GENE$.
260	CPR:5	Endothelium-dependent relaxations, nitric oxide (NO) and endothelium derived hyperpolarizing factor (EDHF)-type, were studied in rabbit iliac artery and aortic rings using the @CHEMICAL$ agonist @GENE$ (ACh) and by cyclopiazonic acid (CPA), which promotes store-operated Ca(2+) entry by inhibiting the endothelial SERCA pump.
261	CPR:6	The anticonvulsant @CHEMICAL$ blocks N-methyl-D-asparate (NMDA) receptors but fails to exhibit the neurobehavioral toxicity characteristic of other @GENE$ antagonists.
262	CPR:5	The hyperglycemic effect of @CHEMICAL$ central administration was blocked by pretreatment with ondansetron, a specific @GENE$ receptor antagonist, indicating that the effects here obtained with m-CPBG were a result of its interaction with 5-HT3 receptors.
263	CPR:6	Prazosin (nonselective alpha(1)-adrenoceptor antagonist), silodosin (selective alpha(1A)-adrenoceptor antagonist) and BMY-7378 (@CHEMICAL$) (selective @GENE$ antagonist) competitively antagonized the phenylephrine-induced contraction (pA(2) values, 8.60+/-0.07, 9.44+/-0.06 and 5.75+/-0.07, respectively).
264	CPR:6	At 100 nM and higher, it suppressed the maximal response to phenylephrine. @CHEMICAL$ effectively antagonized the positive inotropic effect of phenylephrine even after inactivation of @GENE$ by treatment with chlorethylclonidine, which is an indication that the (+/-)-tamsulosin-sensitive subtype belongs to a class resistant to chlorethylclonidine. (+/-)-Tamsulosin, over the range of concentrations at which it antagonized the positive inotropic effect mediated by alpha 1-adrenoceptors, did not affect the accumulation of [3H]inositol phosphates that was induced by 10 microM phenylephrine.
265	CPR:6	Terfenadine and astemizole are chemically unrelated to @CHEMICAL$ antagonists such as @GENE$ and chlorpheniramine.
266	CPR:5	The involvement of EP1 and EP2 receptors is indicated by studies with the @CHEMICAL$ selective agonist 17-phenyl trinor PGE2, and the EP2 selective agonist butaprost (which stimulate), as well as by studies with the antagonists SC-51089 (EP1 specific) and @GENE$ (EP1 and EP2 specific).
267	CPR:6	The involvement of EP1 and EP2 receptors is indicated by studies with the EP1 selective agonist 17-phenyl trinor PGE2, and the EP2 selective agonist butaprost (which stimulate), as well as by studies with the antagonists SC-51089 (EP1 specific) and @CHEMICAL$ (@GENE$ and EP2 specific).
268	CPR:6	Betaxolol inhibited specific [(3)H]-batrachotoxinin-A 20-alpha-benzoate ([(3)H]-BTX-B) binding to neurotoxin site 2 in a concentration-dependent manner with an IC(50) value of 9.8 microM. Comparison of all the @CHEMICAL$ antagonists tested revealed a potency order of propranolol>betaxolol approximately levobetaxolol>levobunolol approximately carteolol>/=timolol>@GENE$.
269	CPR:6	Inhibition of binding of the @CHEMICAL$ antagonist @GENE$ to recombinant alpha2-receptors by etomidate was tested in human embryonic kidney (HEK293) cells in vitro.
270	CPR:5	Terbutaline (@CHEMICAL$) and its prodrug Bambuterol (Bambec) are highly potent @GENE$ agonists often used in asthma patients.
271	CPR:6	Betaxolol inhibited specific [(3)H]-batrachotoxinin-A 20-alpha-benzoate ([(3)H]-BTX-B) binding to neurotoxin site 2 in a concentration-dependent manner with an IC(50) value of 9.8 microM. Comparison of all the @CHEMICAL$ antagonists tested revealed a potency order of @GENE$>betaxolol approximately levobetaxolol>levobunolol approximately carteolol>/=timolol>atenolol.
272	CPR:5	Bovine tracheal smooth muscle strips were incubated with 10 microM fenoterol or vehicle for various periods of time (5, 30 min, 18 h) at 37 degrees C. After extensive washout (3 h, 37 degrees C), isometric contractions were measured to the full @CHEMICAL$ agonist @GENE$, the partial muscarinic receptor agonist 4-(m-chlorophenyl-carbamoyloxy)-2-butynyltrimethylammonium (McN-A-343) and histamine.
273	CPR:5	The esterified-@CHEMICAL$, however, had only partial transactivation agonistic activity in cells transfected with @GENE$, whereas BM and esterified-DEX had full transactivation agonistic activity.
274	CPR:5	In further studies, the diuretic effects of the CB1 agonist AM4054 were similar in male and female rats, displayed a relatively rapid onset to action, and were dose-dependently antagonized by 30 minutes pretreatment with rimonabant, but not by the vanilloid receptor type I antagonist capsazepine, nor were the effects of @CHEMICAL$ antagonized by the @GENE$ antagonist AM630 [(6-iodo-2-methyl-1-[2-(4-morpholinyl)ethyl]-1H-indol-3-yl](4-methoxyphenyl) methanone)].
275	CPR:5	OBJECTIVES: The aim of this study was to determine whether cocaine's sympathomimetic actions can be reversed by a potent centrally acting alpha2 adrenergic receptor (@CHEMICAL$) agonist (@GENE$).
276	CPR:5	CONCLUSIONS: These results indicate that @CHEMICAL$ acts as an agonist at @GENE$, which appears in vivo primarily as an alpha2B-receptor-mediated increase in blood pressure.
277	CPR:5	The potency of the selective alpha 1D-adrenoceptor antagonist BMY 7378 against noradrenaline (pA2 = 6.16 +/- 0.13) and of the selective alpha 1A-adrenoceptor antagonist RS-17053 against noradrenaline (pKB = 8.35 +/- 0.10) and against the selective @CHEMICAL$ agonist @GENE$ (pKB = 8.40 +/- 0.09) were too low to account for alpha 1D- and alpha 1A-adrenoceptor involvement. 4.
278	CPR:5	Methanandamide (10.0 mg/kg) had lesser effect than other CB agonists, and the @CHEMICAL$ agonist @GENE$ [1-(methylpiperidin-2-ylmethyl)-3-(2-iodo-5-nitrobenzoyl)indole], the anandamide transport inhibitor AM404, and the CB antagonist rimonabant did not have diuretic effects.
279	CPR:5	Eight normal males received single oral doses of BRL35135 8 mg (BRL) or the selective @CHEMICAL$ agonist salbutamol 8 mg (@GENE$), after pretreatment with either placebo (PL), bisoprolol 5 mg (B5) as a selective beta 1-adrenoceptor antagonist, or nadolol 20 mg (N20) to block beta 1- and beta 2- but not beta 3-receptors.
280	CPR:5	Effect of (S)-N-[2-(1,6,7,8-tetrahydro-2H-indeno-[5,4-b]furan-8-yl)ethyl]propionamide (@CHEMICAL$, TAK-375), a selective @GENE$ agonist, on motor coordination was studied using rota-rod performance in mice.
281	CPR:5	Eight normal males received single oral doses of BRL35135 8 mg (BRL) or the selective @CHEMICAL$ agonist @GENE$ 8 mg (SAL), after pretreatment with either placebo (PL), bisoprolol 5 mg (B5) as a selective beta 1-adrenoceptor antagonist, or nadolol 20 mg (N20) to block beta 1- and beta 2- but not beta 3-receptors.
282	CPR:5	In the DRN, @CHEMICAL$ completely inhibited the firing of 5-HT neurons via @GENE$ agonism and was more potent than aripiprazole (ED50 = 230 and 700 mug/kg, respectively).
283	CPR:5	At 100 nM and higher, it suppressed the maximal response to phenylephrine. (+/-)-Tamsulosin effectively antagonized the positive inotropic effect of @CHEMICAL$ even after inactivation of @GENE$ by treatment with chlorethylclonidine, which is an indication that the (+/-)-tamsulosin-sensitive subtype belongs to a class resistant to chlorethylclonidine. (+/-)-Tamsulosin, over the range of concentrations at which it antagonized the positive inotropic effect mediated by alpha 1-adrenoceptors, did not affect the accumulation of [3H]inositol phosphates that was induced by 10 microM phenylephrine.
284	CPR:5	Labetalol (> or = 3 x 10(-8) M) and dilevalol (> or = 10(-8) M) caused surmountable antagonism of the @CHEMICAL$ responses of the atria and the pA2 values were 8.60 and 8.98 at the @GENE$ of the rat left atria and 7.90 and 8.31, respectively, on the guinea-pig left atria which has functional beta 1- and beta 2-adrenoceptors.
285	CPR:5	The results suggested that both the EtOAc extract and berberine were able to activate @CHEMICAL$, and Rhizoma Coptis contains potential natural agonists of PPARs besides @GENE$.
286	CPR:5	The @CHEMICAL$ (beta(2)-AR) agonists @GENE$ and fenoterol have similar beneficial effects in animal models of heart failure.
287	CPR:5	Bovine tracheal smooth muscle strips were incubated with 10 microM fenoterol or vehicle for various periods of time (5, 30 min, 18 h) at 37 degrees C. After extensive washout (3 h, 37 degrees C), isometric contractions were measured to the full muscarinic receptor agonist methacholine, the partial @CHEMICAL$ agonist 4-(m-chlorophenyl-carbamoyloxy)-2-butynyltrimethylammonium (McN-A-343) and @GENE$.
288	CPR:5	In the hippocampus, @CHEMICAL$ acted as a full agonist at @GENE$ receptors on pyramidal neurons.
289	CPR:5	In the locus coeruleus, brexpiprazole reversed the inhibitory effect of the preferential @CHEMICAL$ receptor agonist @GENE$ (2,5-dimethoxy-4-iodoamphetamine) on norepinephrine neuronal firing (ED50 = 110 mug/kg), demonstrating 5-HT2A antagonistic action.
290	CPR:5	Together, this pharmacological profile of subtype-selective betaAR antagonists indicates that in this model, @CHEMICAL$ activation is responsible for the enhanced hippocampal CA3 network activity initiated by @GENE$.
291	CPR:5	OBJECTIVES: The aim of this study was to determine whether cocaine's sympathomimetic actions can be reversed by a potent centrally acting @CHEMICAL$ (AR) agonist (@GENE$).
292	CPR:5	@CHEMICAL$ (Bricanyl) and its prodrug Bambuterol (Bambec) are highly potent @GENE$ agonists often used in asthma patients.
293	CPR:5	"@CHEMICAL$ (Zomig; formerly 311C90) is a novel @GENE$ receptor agonist with proven efficacy in the acute treatment of migraine with or without preceding aura."
294	CPR:5	Systemic administration of @CHEMICAL$ agonists, formoterol and @GENE$, elicit skeletal muscle hypertrophy in rats at micromolar doses. beta(2)-Adrenoceptor agonists provide a potential therapy for muscle wasting and weakness, but their use may be limited by adverse effects on the heart, mediated in part, by beta(1)-adrenoceptor activation.
295	CPR:5	The beta(2)-adrenoceptor (@CHEMICAL$) agonists @GENE$ and fenoterol have similar beneficial effects in animal models of heart failure.
296	CPR:5	In the present study, we identified @CHEMICAL$, a widely used HIV PI, as a potent @GENE$-selective agonist.
297	CPR:5	Direct-acting @CHEMICAL$ agonists, including D(9)-tetrahydrocannabinol, @GENE$ [R-(1)-[2,3-dihydro-5-methyl-3-[(morpholinyl)methyl]pyrrolo[1,2,3-de]-1,4-benzoxazinyl]-(1-naphthalenyl)methanone mesylate], AM2389 [9b-hydroxy-3-(1-hexyl-cyclobut-1-yl)-hexahydrocannabinol], and AM4054 [9b-(hydroxymethyl)-3-(1-adamantyl)-hexahydrocannabinol], produced dose-dependent increases in diuresis and decreases in colonic temperature, with slightly lower ED(50) values for diuresis than for hypothermia.
298	CPR:5	RGM-1 cells were treated with CDCA or @CHEMICAL$, an @GENE$ agonist, in the presence or absence of guggulsterone, an FXR antagonist.
299	CPR:5	@CHEMICAL$ is a TrkA and @GENE$ receptor agonist that promotes TrkA/TrkB heterodimerization and has potent neurotrophic activity.
